,PDPGP,PDPSHAGP,SelfCGP,SelfCSHAGP
Average,0.8041418030596006,0.885543042987585,0.7662926574370913,0.8277252783129613
