,PDPGP,PDPSHAGP,SelfCGP,SelfCSHAGP
Average,0.7651374063468772,-137904521215.7815,0.6192700524649647,-1314.3493546360085
