,PDPGP,PDPSHAGP,SelfCGP,SelfCSHAGP
Average,39.12685546676448,21.47953382607905,42.68237569366293,22.24125318001385
