,PDPGP,PDPSHAGP,SelfCGP,SelfCSHAGP
Average,42.06508900563698,1278.6889869741112,44.72862998460193,42.1459540945737
